total_amount,gst_amount,discount,payable_amount,received_amount,item_count
2417.96,303.23,2.68,2718.51,2718.51,10
7043.43,890.72,549.01,7385.14,7385.14,12
8124.27,1163.05,84.28,9203.04,9203.04,4
1622.66,123.09,6.98,1738.77,1738.77,2
3249.93,257.7,127.8,3379.83,3379.83,10
6881.31,578.34,70.72,7388.93,7388.93,11
9810.36,520.3,124.06,10206.6,10206.6,12
7419.83,960.81,89.16,8291.48,8291.48,9
7982.15,988.49,514.68,8455.96,8455.96,5
4426.35,672.36,170.3,4928.41,4928.41,2
9845.44,1701.62,968.04,10579.02,10579.02,9
4008.13,234.84,271.2,3971.77,3971.77,11
2673.71,156.63,84.65,2745.69,2745.69,12
6931.27,1097.34,53.05,7975.56,7975.56,4
3454.53,534.15,128.85,3859.83,3859.83,7
1291.9,188.67,76.05,1404.52,1404.52,3
1688.63,241.76,53.1,1877.29,1877.29,12
9787.21,1262.87,587.48,10462.6,10462.6,5
7914.95,744.74,355.72,8303.97,8303.97,1
5305.76,766.58,21.68,6050.66,6050.66,12
441.86,42.45,18.87,465.44,465.44,2
9008.46,1174.82,248.81,9934.47,9934.47,9
4222.41,744.44,60.21,4906.64,4906.64,3
6963.29,572.96,596.63,6939.62,6939.62,1
1941.69,328.5,22.01,2248.18,2248.18,6
5753.22,1019.81,388.09,6384.94,6384.94,3
3215.18,514.24,216.08,3513.34,3513.34,6
7882.4,1403.48,663.07,8622.81,8622.81,3
8611.44,939.94,608.24,8943.14,8943.14,10
3596.01,282.78,162.53,3716.26,3716.26,9
4431.01,693.57,8.24,5116.34,5116.34,4
1118.68,94.13,43.05,1169.76,1169.76,5
5103.76,544.73,404.22,5244.27,5244.27,12
1908.3,193.7,51.86,2050.14,2050.14,11
6279.64,941.2,491.64,6729.2,6729.2,8
6495.97,779.29,130.37,7144.89,7144.89,11
1957.81,285.51,92.51,2150.81,2150.81,5
7038.55,838.52,529.21,7347.86,7347.86,6
2686.98,389.89,110.65,2966.22,2966.22,4
7360.03,897.7,585.98,7671.75,7671.75,1
775.9,54.88,74.4,756.38,756.38,10
4008.15,222.27,156.79,4073.63,4073.63,4
8164.97,1207.46,160.72,9211.71,9211.71,4
2348.5,173.36,219.91,2301.95,2301.95,4
3095.08,540.7,65.95,3569.83,3569.83,9
4827.49,495.69,390.55,4932.63,4932.63,7
2958.21,502.62,168.18,3292.65,3292.65,4
2566.77,426.89,196.12,2797.54,2797.54,1
4269.19,624.35,76.41,4817.13,4817.13,9
6048.54,414.31,62.08,6400.77,6400.77,4
5781.72,867.77,149.39,6500.1,6500.1,7
2426.21,359.59,85.96,2699.84,2699.84,8
1651.58,85.55,82.93,1654.2,1654.2,12
7782.64,954.43,266.59,8470.48,8470.48,11
9743.17,733.19,407.83,10068.53,10068.53,5
1480.25,188.74,87.54,1581.45,1581.45,7
5490.67,940.83,3.56,6427.94,6427.94,8
9553.4,1305.48,388.51,10470.37,10470.37,2
9784.69,508.84,592.35,9701.18,9701.18,10
1813.14,314.93,65.84,2062.23,2062.23,7
4035.14,469.3,107.18,4397.26,4397.26,9
8934.09,464.51,552.07,8846.53,8846.53,7
7577.19,1041.14,341.74,8276.59,8276.59,6
4635.35,601.06,201.35,5035.06,5035.06,4
8972.4,661.97,69.39,9564.98,9564.98,10
5468.15,299.87,161.31,5606.71,5606.71,9
1070.57,176.01,18.46,1228.12,1228.12,9
4812.51,445.07,398.42,4859.16,4859.16,9
720.58,73.25,17.49,776.34,776.34,3
1075.71,175.0,104.4,1146.31,1146.31,3
787.08,120.9,30.33,877.65,877.65,6
3636.41,453.04,110.09,3979.36,3979.36,10
3941.38,408.03,283.45,4065.96,4065.96,12
3931.57,503.21,336.01,4098.77,4098.77,11
6053.63,692.83,505.54,6240.92,6240.92,10
5002.63,623.73,43.6,5582.76,5582.76,6
5444.96,952.35,103.36,6293.95,6293.95,1
5176.68,760.89,275.54,5662.03,5662.03,7
8678.47,1469.3,258.56,9889.21,9889.21,12
1553.18,266.76,137.28,1682.66,1682.66,6
4435.32,453.26,315.53,4573.05,4573.05,9
1034.85,96.17,44.9,1086.12,1086.12,12
4849.6,441.63,22.68,5268.55,5268.55,12
7070.84,1201.8,14.38,8258.26,8258.26,2
7337.43,410.22,284.42,7463.23,7463.23,3
2055.81,314.79,125.72,2244.88,2244.88,6
457.73,74.49,12.68,519.54,519.54,5
1048.6,166.35,77.86,1137.09,1137.09,12
6144.83,465.92,591.15,6019.6,6019.6,8
4847.9,685.42,305.47,5227.85,5227.85,9
9384.91,1026.13,119.6,10291.44,10291.44,9
6859.07,1128.78,148.44,7839.41,7839.41,9
9749.12,1065.61,332.18,10482.55,10482.55,9
7343.18,616.57,9.32,7950.43,7950.43,4
2430.31,157.64,42.2,2545.75,2545.75,5
3483.74,375.36,326.78,3532.32,3532.32,10
3847.79,352.44,302.68,3897.55,3897.55,10
9668.43,528.28,624.22,9572.49,9572.49,5
2958.2,356.47,57.48,3257.19,3257.19,9
4437.86,661.71,339.19,4760.38,4760.38,5
3118.37,367.96,87.5,3398.83,3398.83,8
716.3,56.97,71.32,701.95,701.95,11
9593.82,1682.07,843.83,10432.06,10432.06,12
2246.09,317.51,191.76,2371.84,2371.84,3
4895.88,705.28,429.18,5171.98,5171.98,2
7646.42,828.28,169.41,8305.29,8305.29,11
1316.32,101.78,25.67,1392.43,1392.43,8
895.51,126.08,62.58,959.01,959.01,4
6604.2,986.26,651.49,6938.97,6938.97,9
4719.54,784.37,390.54,5113.37,5113.37,9
8920.0,957.58,293.55,9584.03,9584.03,3
6337.42,398.78,385.02,6351.18,6351.18,1
3703.76,210.4,291.33,3622.83,3622.83,10
9122.64,528.48,842.95,8808.17,8808.17,7
9654.21,1070.46,429.48,10295.19,10295.19,12
9464.58,506.3,388.52,9582.36,9582.36,4
4159.22,429.37,213.91,4374.68,4374.68,3
5134.23,692.02,306.14,5520.11,5520.11,11
7085.25,483.29,377.29,7191.25,7191.25,11
3118.59,501.14,94.8,3524.93,3524.93,1
811.78,44.73,40.85,815.66,815.66,10
5795.11,981.82,126.11,6650.82,6650.82,5
1975.56,349.52,128.31,2196.77,2196.77,5
1228.51,139.53,44.15,1323.89,1323.89,2
2755.69,294.86,38.15,3012.4,3012.4,12
2000.74,330.34,12.63,2318.45,2318.45,6
1287.21,201.88,6.66,1482.43,1482.43,7
5237.63,371.1,94.72,5514.01,5514.01,5
2097.47,324.85,33.2,2389.12,2389.12,1
5883.59,808.84,580.26,6112.17,6112.17,4
647.49,115.47,50.5,712.46,712.46,9
8463.57,661.38,487.54,8637.41,8637.41,12
6026.52,1067.14,520.98,6572.68,6572.68,9
7334.85,839.71,565.43,7609.13,7609.13,4
7773.15,442.64,522.62,7693.17,7693.17,11
648.55,58.42,48.18,658.79,658.79,10
8083.65,932.26,157.97,8857.94,8857.94,12
4036.26,449.28,127.34,4358.2,4358.2,1
3935.63,478.19,254.25,4159.57,4159.57,12
4836.22,349.46,379.67,4806.01,4806.01,2
9963.9,590.86,743.99,9810.77,9810.77,11
5972.33,873.91,441.65,6404.59,6404.59,12
9753.16,549.69,852.91,9449.94,9449.94,6
8772.25,870.67,590.74,9052.18,9052.18,6
334.12,22.99,29.5,327.61,327.61,9
6974.65,1149.82,156.66,7967.81,7967.81,11
1001.56,166.12,82.32,1085.36,1085.36,7
4410.44,314.85,202.79,4522.5,4522.5,3
7258.52,1219.78,613.34,7864.96,7864.96,5
905.94,132.28,37.29,1000.93,1000.93,5
2490.13,220.12,218.45,2491.8,2491.8,10
8797.81,1169.67,852.35,9115.13,9115.13,6
1192.43,71.3,52.91,1210.82,1210.82,3
2184.93,173.03,6.09,2351.87,2351.87,5
9824.24,1315.8,368.55,10771.49,10771.49,10
8355.81,544.06,604.29,8295.58,8295.58,2
7128.19,910.62,470.93,7567.88,7567.88,10
7136.26,895.39,104.5,7927.15,7927.15,2
1421.4,135.73,45.55,1511.58,1511.58,7
702.63,97.18,28.72,771.09,771.09,11
3089.47,549.01,306.17,3332.31,3332.31,1
4062.98,337.75,284.4,4116.33,4116.33,8
7299.72,716.25,537.02,7478.95,7478.95,3
1960.62,104.32,138.21,1926.73,1926.73,4
2892.77,358.42,160.43,3090.76,3090.76,3
6355.02,1081.64,249.93,7186.73,7186.73,9
400.7,31.96,19.34,413.32,413.32,7
9055.08,1436.99,794.61,9697.46,9697.46,3
9684.16,1224.45,462.45,10446.16,10446.16,11
1845.09,174.03,29.81,1989.31,1989.31,2
5147.71,769.65,480.45,5436.91,5436.91,8
1447.89,105.73,70.9,1482.72,1482.72,8
7036.07,432.33,539.46,6928.94,6928.94,6
9425.9,1488.12,181.48,10732.54,10732.54,8
6627.61,787.52,150.08,7265.05,7265.05,4
5497.99,910.08,504.58,5903.49,5903.49,11
3424.54,430.06,6.19,3848.41,3848.41,8
4877.71,432.0,431.6,4878.11,4878.11,8
595.63,83.73,55.55,623.81,623.81,5
7731.11,665.97,425.73,7971.35,7971.35,10
8136.8,848.17,171.59,8813.38,8813.38,10
6877.98,961.53,484.47,7355.04,7355.04,6
7110.97,883.43,694.25,7300.15,7300.15,3
7849.82,1318.46,777.09,8391.19,8391.19,8
1374.31,220.55,109.24,1485.62,1485.62,12
7995.57,1327.74,15.73,9307.58,9307.58,8
4623.88,516.42,371.55,4768.75,4768.75,9
1006.41,90.75,70.74,1026.42,1026.42,2
8522.64,1426.91,169.62,9779.93,9779.93,7
5157.1,639.12,57.02,5739.2,5739.2,3
9153.53,664.8,222.12,9596.21,9596.21,12
2256.35,204.21,182.92,2277.64,2277.64,4
4738.7,815.53,355.25,5198.98,5198.98,4
5484.97,713.69,288.56,5910.1,5910.1,4
657.48,110.48,37.26,730.7,730.7,12
2673.95,437.54,162.16,2949.33,2949.33,3
4368.83,500.47,225.88,4643.42,4643.42,7
4178.59,323.02,358.41,4143.2,4143.2,6
3726.55,262.77,75.32,3914.0,3914.0,6
4029.94,288.15,146.47,4171.62,4171.62,10
4715.51,561.43,361.42,4915.52,4915.52,1
4202.14,350.43,212.04,4340.53,4340.53,6
3639.36,324.37,329.12,3634.61,3634.61,5
4283.21,675.12,249.75,4708.58,4708.58,5
9285.54,750.95,24.94,10011.55,10011.55,3
9191.17,687.16,59.81,9818.52,9818.52,12
2590.2,130.43,7.59,2713.04,2713.04,12
3783.94,458.81,130.88,4111.87,4111.87,9
3948.26,205.17,74.85,4078.58,4078.58,10
1927.91,331.12,156.41,2102.62,2102.62,8
6102.11,598.98,420.8,6280.29,6280.29,11
419.4,46.93,28.33,438.0,438.0,5
8348.92,555.94,670.08,8234.78,8234.78,11
2624.99,186.2,179.82,2631.37,2631.37,10
215.9,13.16,10.17,218.89,218.89,2
2880.68,231.89,195.12,2917.45,2917.45,4
7026.21,434.99,657.83,6803.37,6803.37,2
3825.62,404.48,350.64,3879.46,3879.46,2
8795.23,839.48,175.65,9459.06,9459.06,8
884.22,128.34,68.56,944.0,944.0,1
7280.62,793.11,466.04,7607.69,7607.69,9
5907.22,560.52,68.66,6399.08,6399.08,12
3783.12,531.62,122.34,4192.4,4192.4,10
3798.12,653.64,216.63,4235.13,4235.13,12
4412.47,262.47,104.17,4570.77,4570.77,3
1761.31,204.58,19.57,1946.32,1946.32,12
2420.1,140.02,2.86,2557.26,2557.26,7
1926.29,200.6,55.45,2071.44,2071.44,12
9677.5,1306.09,792.81,10190.78,10190.78,8
7116.9,1017.92,390.07,7744.75,7744.75,7
2669.47,252.34,216.24,2705.57,2705.57,3
580.56,97.63,53.42,624.77,624.77,1
9447.6,726.14,297.23,9876.51,9876.51,11
7170.71,1031.66,510.22,7692.15,7692.15,4
8638.23,1505.5,212.42,9931.31,9931.31,4
6381.81,1020.89,72.15,7330.55,7330.55,1
1112.44,60.36,16.18,1156.62,1156.62,2
9401.08,1069.79,930.05,9540.82,9540.82,7
5252.28,534.72,293.48,5493.52,5493.52,2
5244.29,761.21,510.39,5495.11,5495.11,6
1363.41,218.43,74.35,1507.49,1507.49,12
4283.04,506.0,89.38,4699.66,4699.66,11
3712.58,373.54,216.54,3869.58,3869.58,4
5231.68,585.44,179.87,5637.25,5637.25,6
7388.42,942.99,353.93,7977.48,7977.48,9
4947.9,739.39,442.51,5244.78,5244.78,9
256.7,45.33,0.81,301.22,301.22,9
3662.12,257.95,34.73,3885.34,3885.34,1
9512.9,1553.91,914.86,10151.95,10151.95,5
9798.34,1459.21,367.18,10890.37,10890.37,7
7101.79,1061.03,520.03,7642.79,7642.79,1
3706.74,651.55,42.56,4315.73,4315.73,2
5403.19,414.45,9.14,5808.5,5808.5,4
2111.35,257.19,191.23,2177.31,2177.31,5
6643.57,529.84,251.75,6921.66,6921.66,8
4374.77,553.63,143.74,4784.66,4784.66,2
3963.57,707.9,366.32,4305.15,4305.15,11
4131.96,664.11,314.8,4481.27,4481.27,5
8312.86,419.85,360.81,8371.9,8371.9,6
7824.46,767.33,706.64,7885.15,7885.15,9
1267.52,127.67,43.69,1351.5,1351.5,8
7266.02,816.43,209.0,7873.45,7873.45,2
2347.77,242.25,204.1,2385.92,2385.92,5
6325.85,1061.21,628.92,6758.14,6758.14,11
855.24,44.23,28.48,870.99,870.99,12
7636.45,1155.87,231.51,8560.81,8560.81,12
4323.35,223.03,299.14,4247.24,4247.24,2
1944.08,249.51,94.05,2099.54,2099.54,10
2654.27,310.0,248.67,2715.6,2715.6,6
834.29,85.48,41.56,878.21,878.21,12
4178.74,494.52,139.41,4533.85,4533.85,3
2635.63,339.99,121.92,2853.7,2853.7,8
7843.8,783.3,722.6,7904.5,7904.5,2
1060.87,84.7,52.65,1092.92,1092.92,7
2215.19,322.93,187.01,2351.11,2351.11,11
6823.26,584.54,483.4,6924.4,6924.4,5
2140.92,155.29,58.16,2238.05,2238.05,7
4149.64,666.75,196.14,4620.25,4620.25,3
3331.43,172.82,66.22,3438.03,3438.03,2
932.74,155.66,19.04,1069.36,1069.36,10
5081.74,572.97,316.61,5338.1,5338.1,6
5415.18,863.95,383.1,5896.03,5896.03,5
5448.47,418.42,321.44,5545.45,5545.45,4
3419.73,480.9,329.57,3571.06,3571.06,5
3778.9,318.22,30.92,4066.2,4066.2,8
9600.25,849.98,705.84,9744.39,9744.39,10
5324.36,466.64,462.0,5329.0,5329.0,6
1039.24,181.38,33.8,1186.82,1186.82,7
1305.62,107.82,71.9,1341.54,1341.54,4
6023.31,458.4,70.15,6411.56,6411.56,1
4220.02,519.93,349.83,4390.12,4390.12,5
1720.3,283.19,90.68,1912.81,1912.81,6
4971.72,376.02,163.02,5184.72,5184.72,2
6168.96,737.86,67.44,6839.38,6839.38,8
2181.07,356.75,137.07,2400.75,2400.75,9
8881.43,657.53,707.54,8831.42,8831.42,4
4820.53,784.55,459.37,5145.71,5145.71,1
4539.92,520.49,53.22,5007.19,5007.19,3
1117.23,197.1,74.9,1239.43,1239.43,11
9505.81,1108.71,900.32,9714.2,9714.2,9
1710.37,261.58,143.77,1828.18,1828.18,9
2656.08,343.09,56.33,2942.84,2942.84,3
1035.26,113.95,19.48,1129.73,1129.73,2
388.38,60.56,1.62,447.32,447.32,2
4057.55,503.33,381.24,4179.64,4179.64,5
5102.59,610.62,69.55,5643.66,5643.66,10
4179.86,384.37,353.02,4211.21,4211.21,2
5082.64,627.73,63.93,5646.44,5646.44,6
8877.27,1334.98,473.82,9738.43,9738.43,10
6730.93,410.07,142.85,6998.15,6998.15,2
3769.45,329.42,190.9,3907.97,3907.97,3
2034.43,347.35,177.29,2204.49,2204.49,8
6354.37,1122.93,352.32,7124.98,7124.98,10
1265.45,189.2,88.93,1365.72,1365.72,6
3425.56,405.54,163.24,3667.86,3667.86,4
5061.59,673.03,229.22,5505.4,5505.4,5
5391.1,622.53,352.16,5661.47,5661.47,6
9781.01,1396.01,154.39,11022.63,11022.63,3
7211.97,651.17,678.44,7184.7,7184.7,6
5363.98,278.2,334.33,5307.85,5307.85,4
3408.95,541.53,310.01,3640.47,3640.47,8
1276.29,70.64,121.98,1224.95,1224.95,2
4312.51,691.01,196.33,4807.19,4807.19,8
1711.44,307.28,16.38,2002.34,2002.34,8
2083.68,286.3,96.15,2273.83,2273.83,2
2245.96,390.45,115.8,2520.61,2520.61,8
995.97,68.51,49.62,1014.86,1014.86,4
8674.27,744.94,167.72,9251.49,9251.49,4
7106.76,448.75,220.29,7335.22,7335.22,3
7191.84,731.9,590.09,7333.65,7333.65,6
3631.42,352.37,81.13,3902.66,3902.66,7
6736.21,724.09,448.29,7012.01,7012.01,5
2320.7,199.56,56.7,2463.56,2463.56,3
8026.52,484.25,346.75,8164.02,8164.02,3
471.23,78.47,18.05,531.65,531.65,1
7373.58,1035.32,516.3,7892.6,7892.6,7
4058.91,554.88,221.55,4392.24,4392.24,5
5517.9,572.37,267.4,5822.87,5822.87,1
6093.25,1027.07,51.22,7069.1,7069.1,12
8273.65,1247.16,373.12,9147.69,9147.69,11
4944.33,780.94,64.0,5661.27,5661.27,2
8644.37,1309.49,716.93,9236.93,9236.93,11
2239.91,259.05,14.9,2484.06,2484.06,9
8503.82,1379.35,618.53,9264.64,9264.64,1
1679.79,109.1,64.02,1724.87,1724.87,3
4818.5,411.02,113.83,5115.69,5115.69,2
3259.24,489.5,301.66,3447.08,3447.08,6
5602.86,854.54,223.7,6233.7,6233.7,3
2983.06,334.64,102.65,3215.05,3215.05,1
3971.32,625.34,10.93,4585.73,4585.73,6
5993.38,725.46,74.06,6644.78,6644.78,11
1180.68,204.84,95.97,1289.55,1289.55,4
7221.3,1033.52,217.76,8037.06,8037.06,10
8448.19,477.73,684.71,8241.21,8241.21,3
2942.94,236.1,142.08,3036.96,3036.96,6
526.34,74.89,11.57,589.66,589.66,5
5104.96,761.13,260.02,5606.07,5606.07,9
8725.57,831.11,597.49,8959.19,8959.19,9
8653.66,619.74,456.56,8816.84,8816.84,3
9358.96,1476.0,904.3,9930.66,9930.66,11
4408.46,518.48,81.66,4845.28,4845.28,1
8651.0,682.02,832.37,8500.65,8500.65,3
2024.39,339.09,47.17,2316.31,2316.31,2
9441.07,574.94,618.08,9397.93,9397.93,5
3036.14,202.15,148.2,3090.09,3090.09,8
5663.9,314.26,222.96,5755.2,5755.2,8
2651.56,230.3,114.66,2767.2,2767.2,5
5738.82,990.21,370.23,6358.8,6358.8,6
3002.32,319.67,150.74,3171.25,3171.25,4
4081.56,531.94,317.71,4295.79,4295.79,8
6282.68,556.23,206.78,6632.13,6632.13,12
6039.82,368.13,265.29,6142.66,6142.66,6
7521.46,609.37,148.47,7982.36,7982.36,8
3391.37,308.47,56.1,3643.74,3643.74,4
1016.06,145.1,21.08,1140.08,1140.08,2
7964.77,977.2,719.37,8222.6,8222.6,5
7053.81,941.46,517.95,7477.32,7477.32,12
7575.54,382.44,211.08,7746.9,7746.9,8
6885.04,429.35,590.82,6723.57,6723.57,2
284.84,43.69,20.19,308.34,308.34,12
6093.51,605.55,51.18,6647.88,6647.88,11
3508.23,565.23,252.27,3821.19,3821.19,10
3455.27,557.9,299.77,3713.4,3713.4,6
5183.59,711.06,310.64,5584.01,5584.01,5
2368.56,138.3,236.79,2270.07,2270.07,5
1379.19,94.2,111.28,1362.11,1362.11,1
8802.54,1519.3,768.67,9553.17,9553.17,6
4095.81,617.04,186.85,4526.0,4526.0,2
6844.09,524.15,500.65,6867.59,6867.59,10
5882.35,732.63,584.3,6030.68,6030.68,9
3041.63,381.29,56.11,3366.81,3366.81,10
4479.79,714.85,180.69,5013.95,5013.95,8
1591.29,196.85,5.81,1782.33,1782.33,6
1025.34,103.89,49.12,1080.11,1080.11,12
7125.8,1102.9,329.97,7898.73,7898.73,1
7299.33,694.62,462.25,7531.7,7531.7,4
1436.41,211.39,63.24,1584.56,1584.56,11
7143.08,734.09,693.34,7183.83,7183.83,9
9737.07,1440.4,941.21,10236.26,10236.26,11
2208.74,369.75,132.64,2445.85,2445.85,5
1631.44,231.16,27.33,1835.27,1835.27,5
4168.31,736.3,37.03,4867.58,4867.58,11
5679.19,370.7,505.29,5544.6,5544.6,7
7624.85,536.0,199.96,7960.89,7960.89,11
544.43,56.89,6.95,594.37,594.37,4
7883.53,430.6,412.88,7901.25,7901.25,3
5613.77,878.09,395.08,6096.78,6096.78,7
1806.83,233.66,21.26,2019.23,2019.23,3
4216.95,525.84,55.62,4687.17,4687.17,6
7054.15,538.45,543.37,7049.23,7049.23,1
8388.31,800.89,295.58,8893.62,8893.62,12
6620.03,709.97,64.19,7265.81,7265.81,11
1104.11,178.87,1.15,1281.83,1281.83,1
1019.48,139.08,40.68,1117.88,1117.88,7
3443.86,278.88,332.95,3389.79,3389.79,6
3221.89,290.7,21.92,3490.67,3490.67,11
5121.78,381.96,264.92,5238.82,5238.82,7
6331.9,429.38,44.9,6716.38,6716.38,9
8283.17,1367.59,62.6,9588.16,9588.16,11
962.5,154.95,94.87,1022.58,1022.58,1
8272.62,836.17,187.3,8921.49,8921.49,11
5072.93,732.3,258.8,5546.43,5546.43,3
4147.47,220.59,216.39,4151.67,4151.67,5
4150.53,737.41,260.58,4627.36,4627.36,7
4189.07,462.2,140.39,4510.88,4510.88,6
1385.28,100.56,58.03,1427.81,1427.81,4
9717.98,1267.88,116.78,10869.08,10869.08,11
1752.18,101.8,51.45,1802.53,1802.53,6
7608.19,1350.28,705.0,8253.47,8253.47,11
2998.46,260.04,30.47,3228.03,3228.03,7
8733.65,1375.98,681.63,9428.0,9428.0,4
3355.91,351.01,13.39,3693.53,3693.53,9
427.97,73.6,30.19,471.38,471.38,5
9652.68,759.93,427.34,9985.27,9985.27,1
1420.06,159.02,49.76,1529.32,1529.32,3
6827.02,476.6,671.49,6632.13,6632.13,4
4093.89,315.94,44.01,4365.82,4365.82,11
8890.38,867.64,425.47,9332.55,9332.55,10
3129.85,363.78,75.93,3417.7,3417.7,12
6959.06,486.99,47.54,7398.51,7398.51,5
4805.94,457.02,172.41,5090.55,5090.55,8
7926.64,1169.17,761.79,8334.02,8334.02,9
6013.9,653.38,18.43,6648.85,6648.85,5
4140.86,555.23,271.62,4424.47,4424.47,12
8924.54,1219.21,392.04,9751.71,9751.71,8
1020.2,115.67,14.11,1121.76,1121.76,6
535.68,40.28,31.06,544.9,544.9,8
7730.57,883.32,657.91,7955.98,7955.98,1
3197.73,375.19,256.37,3316.55,3316.55,7
202.44,19.53,19.68,202.29,202.29,6
1546.56,215.89,145.89,1616.56,1616.56,3
4524.32,597.18,374.72,4746.78,4746.78,10
7928.1,433.53,762.0,7599.63,7599.63,8
4083.61,278.73,70.33,4292.01,4292.01,6
4738.47,330.3,39.66,5029.11,5029.11,11
3739.04,410.54,344.18,3805.4,3805.4,9
6017.77,579.21,304.48,6292.5,6292.5,4
8495.75,601.12,498.18,8598.69,8598.69,2
802.42,139.27,5.95,935.74,935.74,6
7991.3,593.43,326.24,8258.49,8258.49,12
2444.22,208.82,20.99,2632.05,2632.05,9
7126.48,1024.33,187.05,7963.76,7963.76,4
355.91,63.46,0.69,418.68,418.68,11
1010.65,130.15,94.39,1046.41,1046.41,9
5217.44,845.22,340.6,5722.06,5722.06,12
2509.61,436.44,247.29,2698.76,2698.76,1
3404.66,574.71,125.75,3853.62,3853.62,3
6647.32,810.01,76.9,7380.43,7380.43,9
8395.09,1246.37,724.97,8916.49,8916.49,7
5735.79,958.24,573.28,6120.75,6120.75,8
7316.46,1060.66,337.48,8039.64,8039.64,5
598.99,61.97,18.66,642.3,642.3,6
6020.76,746.39,594.79,6172.36,6172.36,7
9067.79,1201.69,710.09,9559.39,9559.39,12
325.27,55.9,24.72,356.45,356.45,5
2151.28,247.07,72.06,2326.29,2326.29,7
1676.84,221.86,135.28,1763.42,1763.42,4
4499.3,805.39,193.93,5110.76,5110.76,8
3681.4,615.4,115.81,4180.99,4180.99,1
5700.37,741.27,274.21,6167.43,6167.43,10
9505.99,480.52,946.28,9040.23,9040.23,4
8772.57,1083.72,609.25,9247.04,9247.04,6
9632.32,1130.14,269.42,10493.04,10493.04,5
481.34,60.43,9.51,532.26,532.26,12
749.16,76.42,8.84,816.74,816.74,9
7718.46,467.56,233.8,7952.22,7952.22,1
6649.49,971.29,364.17,7256.61,7256.61,7
6455.0,1021.13,49.4,7426.73,7426.73,8
3693.71,606.07,299.47,4000.31,4000.31,10
7268.77,1107.37,187.53,8188.61,8188.61,6
5740.79,777.03,499.74,6018.08,6018.08,3
6681.43,614.9,513.23,6783.1,6783.1,10
3633.72,481.97,222.59,3893.1,3893.1,1
768.56,44.32,75.52,737.36,737.36,11
7701.88,393.9,448.22,7647.56,7647.56,1
4725.97,785.64,379.95,5131.66,5131.66,3
243.96,27.14,9.29,261.81,261.81,8
4215.31,351.79,365.9,4201.2,4201.2,10
4923.58,745.51,222.46,5446.63,5446.63,5
3707.74,429.57,265.73,3871.58,3871.58,8
166222.93,51714.04,99404.91,118532.06,50031.1,79
167498.66,66671.26,99270.93,134898.99,33035.3,100
78955.39,16235.38,32696.91,62493.86,14031.5,35
84651.75,22564.56,34421.38,72794.93,21286.37,68
99709.15,24239.63,43450.55,80498.23,22361.45,87
52379.14,12925.74,25145.31,40159.57,15222.43,59
77629.64,17598.43,53705.68,41522.39,17513.92,96
158198.5,42744.98,72203.18,128740.3,58082.56,86
83456.48,23439.46,45714.41,61181.53,12542.67,37
128134.46,40906.4,81526.53,87514.33,33454.07,96
69002.1,18564.91,40515.19,47051.82,13373.51,99
117723.86,45182.48,58418.81,104487.53,42158.06,42
81892.16,18152.1,36516.37,63527.89,15686.67,88
70456.13,15057.2,46480.18,39033.15,10631.47,50
62569.79,18961.71,26254.33,55277.17,24642.16,87
74906.45,29327.89,48177.23,56057.11,26405.57,63
162053.27,34845.41,84752.32,112146.36,26746.7,55
124894.2,34617.8,82135.1,77376.9,18029.57,56
58313.3,17086.06,32449.78,42949.58,8601.37,81
62918.77,15383.63,41631.94,36670.46,16564.44,93
